id,first_name,last_name,email,phone_number,date_of_birth,created_at
90450ee4-3fd5-4335-842b-b6169feb34b5,Caden,Labadie,macey.huels@rre.info,890.494.7481 x1823,1995-04-08T05:53:50-07:00,2024-08-05T14:47:31-07:00
f304d4db-9e04-4fef-84f2-230ca34054f7,Carrie,Lehner,carlotta@gmail.com,1-370-310-2117 x610,2021-07-12T14:49:36-07:00,2024-08-05T14:47:31-07:00
3b92304a-65fa-4acc-a388-58fe02915f56,Rolando,Durgan,goldner@ujb.com,1-280-991-2112 x1770,1995-09-19T00:41:51-07:00,2024-08-05T14:47:31-07:00
2eb75821-1db9-4ac5-b17f-af8ed9e07b28,Genoveva,Haley,etha.kovacek@mgi.com,1-880-466-5144,2021-05-27T09:13:00-07:00,2024-08-05T14:47:31-07:00
5eeee1e4-25a8-41dc-b21d-375574debbbf,Joe,Abshire,olson@ims.biz,1-800-410-1055 x8881,2007-08-15T08:04:33-07:00,2024-08-05T14:47:31-07:00
2f3e343a-ab75-43a7-8776-d0468a418cfd,Demario,Raynor,hahn@clg.biz,+1.210.924.9796,2012-01-24T20:32:32-08:00,2024-08-05T14:47:31-07:00
95045b31-ba94-4fdc-a847-4704db2d3aba,Andreanne,Kuphal,freeman@peb.com,(370) 495-1343 x1193,2011-04-20T20:23:39-07:00,2024-08-05T14:47:31-07:00
0b4cecef-d823-4d46-9885-45123e17b727,Newell,Cole,robb@hotmail.com,420.637.9091,2024-05-27T19:53:02-07:00,2024-08-05T14:47:31-07:00
a161b666-e905-44e7-b28c-72fee3ff4281,Deanna,Wilderman,koepp.lessie@yahoo.com,1-420-659-6718,2005-01-16T09:07:13-08:00,2024-08-05T14:47:31-07:00
51cc6a36-e36b-4a8e-8bcf-3984edc2ee2f,Rachel,Hickle,horacio@yahoo.com,1-400-938-9111,2008-12-02T01:28:54-08:00,2024-08-05T14:47:31-07:00
