id,driver_id,rider_id,status,request_time,accept_time,pickup_time,dropoff_time,fare,distance,pickup_lat,pickup_long,dropoff_lat,dropoff_long,city
68c106d3-6ad9-4389-bf00-12675d7c59cc,1b4d087f-8846-4754-9dc7-d900d5868c7e,e357fa85-00d2-40b6-b220-386d132b2201,completed,2024-08-07T17:38:46-07:00,2024-08-07T17:38:46-07:00,2024-08-07T17:39:16-07:00,2024-08-07T17:41:05-07:00,0,7502.39,37.71480194,-122.41616096,37.73318071,-122.49823670,San Francisco
f547668b-672f-4bd4-9faa-d30c34bda446,3a70d828-61d0-434c-8b77-22eda72cb2c8,d500164a-071a-4f6a-b617-01be31aa939d,completed,2024-08-07T17:36:36-07:00,2024-08-07T17:36:36-07:00,2024-08-07T17:38:29-07:00,2024-08-07T17:41:22-07:00,0,11930.07,37.73862642,-122.38574702,37.78242421,-122.50963507,San Francisco
3c48b485-54f2-44ef-b78b-aaacb7ba33d0,f54b5096-a16a-4b36-aaad-9382af98b385,a9ee8a15-81e5-4f40-9aad-b01771c68b35,completed,2024-08-07T17:39:01-07:00,2024-08-07T17:39:01-07:00,2024-08-07T17:40:24-07:00,2024-08-07T17:41:23-07:00,0,4275.59,37.72546952,-122.42400893,37.76382403,-122.42056077,San Francisco
c7b6ff27-44fd-4ee3-b0b9-6df99e6171ad,b99ddd1c-6cc1-4487-b427-ac8bab9c6c98,d8a9df46-01b5-4125-b351-9be2610ac3fe,completed,2024-08-07T17:40:18-07:00,2024-08-07T17:40:18-07:00,2024-08-07T17:41:44-07:00,2024-08-07T17:44:02-07:00,0,9226.04,37.77865380,-122.46007320,37.71819469,-122.38820789,San Francisco
38ba83b6-856a-47f6-8030-ef8b910f3368,859f3e43-78ce-4396-88b0-fc9f954fd8a3,c4a0bd0e-1342-429c-94a0-4845280a6a01,completed,2024-08-07T17:36:40-07:00,2024-08-07T17:36:40-07:00,2024-08-07T17:37:26-07:00,2024-08-07T17:38:09-07:00,0,2973.46,37.78545740,-122.46087335,37.77719496,-122.42869474,San Francisco
6b9ade72-9dcf-4d06-be81-4383526de114,60d65003-a8b6-4835-b02b-a22210758503,fa9b34a9-fef5-4202-b1e0-cb41d9ec28d3,completed,2024-08-07T17:36:28-07:00,2024-08-07T17:36:28-07:00,2024-08-07T17:38:05-07:00,2024-08-07T17:38:10-07:00,0,343.70,37.75738230,-122.39731574,37.76045033,-122.39779134,San Francisco
aba5471a-2890-48f4-9a92-8ec1466d063f,2778907d-e442-4916-999a-601ea27f1b9c,e800a9af-f970-4aa9-bd49-48d077fc25ee,completed,2024-08-07T17:38:51-07:00,2024-08-07T17:38:51-07:00,2024-08-07T17:40:22-07:00,2024-08-07T17:40:39-07:00,0,1099.05,37.78997474,-122.41380342,37.78713822,-122.40182256,San Francisco
1bd1a60b-2afa-468e-bd96-314c0ea3ff6c,af7e228c-b876-4afb-9854-7f768fcdb2a3,d2a4e839-5146-4cec-91a5-bd599ec1d7eb,completed,2024-08-07T17:39:00-07:00,2024-08-07T17:39:00-07:00,2024-08-07T17:40:58-07:00,2024-08-07T17:44:04-07:00,0,11838.30,37.72370557,-122.48635510,37.80747947,-122.40324442,San Francisco
75b8b3f5-a31d-44b4-a204-949d8db47537,900c769f-0ad9-4764-8395-300ce1df3d3a,f15bb86e-e552-4518-9387-797c717ec3a2,completed,2024-08-07T17:36:28-07:00,2024-08-07T17:36:28-07:00,2024-08-07T17:38:03-07:00,2024-08-07T17:39:33-07:00,0,6504.54,37.77764845,-122.40858913,37.80647802,-122.47299893,San Francisco
aade46a7-5e90-4368-a3e1-c02568823efe,b2c6f473-2dc4-4084-832d-db580fc61a09,8d6da976-3aad-4eaa-8ee2-3c247a8f88b8,completed,2024-08-07T17:38:32-07:00,2024-08-07T17:38:32-07:00,2024-08-07T17:40:09-07:00,2024-08-07T17:43:04-07:00,0,11076.26,37.74633687,-122.50703447,37.73628197,-122.38171248,San Francisco
a6a64f34-7c9a-4a7e-a04e-11dd659dff3d,c3fa06cf-10c5-4e02-b763-28f23d3bea3a,31d60975-6dbf-474e-8b26-6389e120bc77,completed,2024-08-07T17:36:42-07:00,2024-08-07T17:36:42-07:00,2024-08-07T17:38:13-07:00,2024-08-07T17:39:32-07:00,0,5404.10,37.73745055,-122.49094720,37.77734806,-122.45584527,San Francisco
c8eadcfc-a1e8-4f4e-803c-5cdea7da2261,764ecee3-be68-44a5-948f-4ccd16aa6c2a,49e936d9-4de6-4a91-8407-8a558b8e980e,completed,2024-08-07T17:42:03-07:00,2024-08-07T17:42:03-07:00,2024-08-07T17:42:24-07:00,2024-08-07T17:43:14-07:00,0,3389.79,37.78541263,-122.38965336,37.80621906,-122.41784976,San Francisco
5f1bc250-6947-4b98-920f-62566d71b1dd,7ac2ff0d-8c72-4f70-af9a-f7c923962c9b,77e32f99-9a28-4f5f-8972-c7ffdd5b9811,completed,2024-08-07T17:39:13-07:00,2024-08-07T17:39:13-07:00,2024-08-07T17:40:42-07:00,2024-08-07T17:41:47-07:00,0,4306.22,37.75072434,-122.39009235,37.77188581,-122.43111829,San Francisco
6a3f4d2e-d67c-4483-8b64-da0e3b13d589,25b83dee-ddf3-4cba-b27d-93d488176444,39afc47a-7f57-4ff0-aa8c-865a6b6d61a5,completed,2024-08-07T17:38:03-07:00,2024-08-07T17:38:03-07:00,2024-08-07T17:40:04-07:00,2024-08-07T17:42:06-07:00,0,8298.94,37.76321294,-122.40452421,37.73679977,-122.49280670,San Francisco
6edd3e1d-895c-4035-b2de-7ea070240c36,dcd350dc-45a3-4649-9fbe-e0361cce52e2,046a14b0-b0f2-473f-aa5d-f92975b135f7,completed,2024-08-07T17:43:10-07:00,2024-08-07T17:43:10-07:00,2024-08-07T17:43:41-07:00,2024-08-07T17:44:06-07:00,0,1682.11,37.72317330,-122.47218439,37.71434602,-122.45665373,San Francisco
fddedb54-8f58-4dfe-b864-1e0a31a7ceb2,e4da04b9-ccdf-4363-8792-d929d136823d,b212f6e1-a396-4d3d-9a1c-e82ccb77b5f0,completed,2024-08-07T17:42:41-07:00,2024-08-07T17:42:41-07:00,2024-08-07T17:43:54-07:00,2024-08-07T17:44:18-07:00,0,1436.63,37.73634777,-122.50702393,37.72398732,-122.50226888,San Francisco
37316844-e214-4a7a-ac6d-6f8eceedc52c,ea6c2547-46af-4a72-ac51-c75262e5de8c,072453ce-9b4c-4044-ae81-bc1928edac76,completed,2024-08-07T17:39:51-07:00,2024-08-07T17:39:51-07:00,2024-08-07T17:42:09-07:00,2024-08-07T17:43:04-07:00,0,3232.57,37.70836422,-122.45766344,37.73099238,-122.48073650,San Francisco
2c6e65bd-9de9-46b4-95c2-516c2accd573,017749f8-1eaa-41d4-8184-adb2a0713857,e357fa85-00d2-40b6-b220-386d132b2201,completed,2024-08-07T17:36:30-07:00,2024-08-07T17:36:30-07:00,2024-08-07T17:37:04-07:00,2024-08-07T17:38:39-07:00,0,6533.43,37.77619413,-122.47882121,37.77895700,-122.40456519,San Francisco
60928d57-96c9-4ec3-8fcd-daf909e7417c,721e91b0-7292-4dac-8e70-7db9a7a7012a,77e32f99-9a28-4f5f-8972-c7ffdd5b9811,completed,2024-08-07T17:36:38-07:00,2024-08-07T17:36:38-07:00,2024-08-07T17:38:54-07:00,2024-08-07T17:39:06-07:00,0,724.36,37.79219760,-122.44990643,37.79603930,-122.44324884,San Francisco
a24c0e53-1495-4510-9c3d-89b37bdf4964,9e81385f-d5c3-414c-aac5-b021ac1f73ae,49e936d9-4de6-4a91-8407-8a558b8e980e,completed,2024-08-07T17:38:55-07:00,2024-08-07T17:38:55-07:00,2024-08-07T17:39:34-07:00,2024-08-07T17:41:46-07:00,0,9312.29,37.72461105,-122.45872844,37.79725025,-122.40600774,San Francisco
6730bab0-9f6f-467d-9918-52a80e6fe070,7827b93c-69c4-4db7-84a0-dd495809331b,01415c1f-399d-463e-bca6-82fb978f7477,completed,2024-08-07T17:36:36-07:00,2024-08-07T17:36:36-07:00,2024-08-07T17:37:32-07:00,2024-08-07T17:38:04-07:00,0,2125.72,37.77628328,-122.42987700,37.78874293,-122.44822220,San Francisco
32e13847-d2bd-4362-86e2-70bde776e6f7,97099915-1ea8-40e2-9257-c286223178e5,01415c1f-399d-463e-bca6-82fb978f7477,completed,2024-08-07T17:41:01-07:00,2024-08-07T17:41:02-07:00,2024-08-07T17:42:10-07:00,2024-08-07T17:43:19-07:00,0,4428.88,37.80390357,-122.41110666,37.76430795,-122.40564912,San Francisco
c1b058ee-4e85-408b-afeb-5b302c75ba0e,db227bc4-25b9-40de-b21a-539190471711,984bb43d-0f53-4884-9c8e-1b873644e006,completed,2024-08-07T17:38:51-07:00,2024-08-07T17:38:51-07:00,2024-08-07T17:39:27-07:00,2024-08-07T17:40:15-07:00,0,3447.42,37.76073605,-122.44349778,37.74173754,-122.47448434,San Francisco
422f0e20-f3f0-411d-a247-2982a2206f0f,a1a3c857-5fc6-4ad5-936c-4e682d0def43,b212f6e1-a396-4d3d-9a1c-e82ccb77b5f0,completed,2024-08-07T17:36:44-07:00,2024-08-07T17:36:45-07:00,2024-08-07T17:37:22-07:00,2024-08-07T17:39:35-07:00,0,9530.85,37.79849602,-122.44969100,37.71309102,-122.44050929,San Francisco
27aa45a3-4a0a-458f-a504-eedfbfd41203,03768994-2d1b-4d61-98dd-2ebbc7e1b7a5,d8a9df46-01b5-4125-b351-9be2610ac3fe,completed,2024-08-07T17:36:36-07:00,2024-08-07T17:36:36-07:00,2024-08-07T17:37:08-07:00,2024-08-07T17:40:06-07:00,0,12463.33,37.78798463,-122.39456905,37.70991652,-122.49628519,San Francisco
e0a154bd-ad0f-4bd9-805d-ab1c0d8a47f8,642a04ea-23d2-4bc7-93ba-9cca4bce3f9e,0c2bef2b-8045-4a00-8284-3fd67802b2d2,completed,2024-08-07T17:36:26-07:00,2024-08-07T17:36:26-07:00,2024-08-07T17:37:20-07:00,2024-08-07T17:38:40-07:00,0,5481.11,37.74644209,-122.46382856,37.73502301,-122.40319050,San Francisco
b1688af4-a758-4bda-811a-2eb2bca425e4,b99ddd1c-6cc1-4487-b427-ac8bab9c6c98,ae608a9a-c3e7-4302-a788-0f8161189608,completed,2024-08-07T17:39:01-07:00,2024-08-07T17:39:01-07:00,2024-08-07T17:39:40-07:00,2024-08-07T17:40:16-07:00,0,2473.29,37.79115697,-122.42424442,37.80372454,-122.40101923,San Francisco
fd5c4dcf-82c0-4f3f-9d2e-3dd126c28cda,deb0712f-bfdc-4d43-8722-25e0753e162f,482b8305-8e35-4602-8190-f30e315627d8,completed,2024-08-07T17:40:11-07:00,2024-08-07T17:40:11-07:00,2024-08-07T17:41:20-07:00,2024-08-07T17:41:55-07:00,0,2659.72,37.74948804,-122.39697606,37.77197965,-122.38667932,San Francisco
62d0b8dd-051e-41c8-ac9e-69bea348f469,3a0e1554-8d0c-4c30-850e-538e478061a4,89936b43-813d-437b-b2ba-57548f16d572,completed,2024-08-07T17:36:31-07:00,2024-08-07T17:36:31-07:00,2024-08-07T17:37:32-07:00,2024-08-07T17:39:48-07:00,0,9760.39,37.75078764,-122.50613739,37.78248286,-122.40259029,San Francisco
c0aacd48-3471-4fa5-8d01-e220d3147a48,2e674815-14b8-41e9-a469-96eabbbca36a,d089e969-d518-4a22-8d24-8804d66b5bf7,completed,2024-08-07T17:36:37-07:00,2024-08-07T17:36:37-07:00,2024-08-07T17:37:18-07:00,2024-08-07T17:37:55-07:00,0,2586.64,37.73658468,-122.50194561,37.71337980,-122.49988252,San Francisco
26c6bf1d-d39c-4d74-8b33-0baf603af0f2,a1a3c857-5fc6-4ad5-936c-4e682d0def43,cf43f2e2-b26b-4887-8fcb-05104b00bbb6,completed,2024-08-07T17:40:11-07:00,2024-08-07T17:40:11-07:00,2024-08-07T17:42:08-07:00,2024-08-07T17:42:21-07:00,0,664.27,37.75423320,-122.51008885,37.74966317,-122.50522276,San Francisco
bdb32f80-ded6-46db-8894-143df0b80e6e,7ac2ff0d-8c72-4f70-af9a-f7c923962c9b,af753c43-919e-4100-8da6-fc42f73a71a9,completed,2024-08-07T17:36:41-07:00,2024-08-07T17:36:41-07:00,2024-08-07T17:38:03-07:00,2024-08-07T17:39:03-07:00,0,4419.24,37.78148588,-122.41405214,37.76609181,-122.46040724,San Francisco
3c383a05-746f-47f6-929c-0efefb3e2fb7,86bf74e9-36b1-4b33-ba3d-74829f48da2f,3eeae9c1-5439-4f8c-8df1-3f89cf3bde57,completed,2024-08-07T17:39:38-07:00,2024-08-07T17:39:38-07:00,2024-08-07T17:40:43-07:00,2024-08-07T17:41:03-07:00,0,1353.45,37.76612472,-122.39876696,37.77661852,-122.39096495,San Francisco
2564f81c-9905-4203-ba91-1cca65a09e1d,af7e228c-b876-4afb-9854-7f768fcdb2a3,12ff2b90-17c1-4b8e-8efa-e1074d118208,completed,2024-08-07T17:36:36-07:00,2024-08-07T17:36:36-07:00,2024-08-07T17:37:02-07:00,2024-08-07T17:38:56-07:00,0,8576.82,37.75794337,-122.48888223,37.74581502,-122.39254148,San Francisco
f8177a3a-ecb5-4a46-92a7-0965af740315,1d0d5e9d-2332-4f08-85b3-4e413158714a,752e01a0-4a41-41f1-b56e-c8a31cf36d6f,completed,2024-08-07T17:36:25-07:00,2024-08-07T17:36:25-07:00,2024-08-07T17:39:04-07:00,2024-08-07T17:41:13-07:00,0,8944.80,37.79635895,-122.47904060,37.72632296,-122.42898516,San Francisco
9643c0ad-2e59-4d71-9c1c-a184ae8fa247,2778907d-e442-4916-999a-601ea27f1b9c,8d639a31-7776-42b7-abab-3175f31b40b6,completed,2024-08-07T17:36:30-07:00,2024-08-07T17:36:30-07:00,2024-08-07T17:37:54-07:00,2024-08-07T17:38:24-07:00,0,2025.56,37.75088943,-122.49801880,37.76012838,-122.47816186,San Francisco
7817484c-004f-45b8-89cd-b65e5744400e,97099915-1ea8-40e2-9257-c286223178e5,9f7d8962-0edd-4361-8d93-83cf68520e58,completed,2024-08-07T17:36:28-07:00,2024-08-07T17:36:28-07:00,2024-08-07T17:38:44-07:00,2024-08-07T17:40:53-07:00,0,9336.45,37.70887602,-122.46104010,37.79274250,-122.46617622,San Francisco
9a7b6acf-09f8-4670-8190-95c5c7a81845,e040bda2-fd70-4207-ae97-a2e9ded1bec5,48cbfe79-50aa-409b-8c48-e58023aa61b4,completed,2024-08-07T17:36:26-07:00,2024-08-07T17:36:26-07:00,2024-08-07T17:39:03-07:00,2024-08-07T17:41:51-07:00,0,11670.55,37.70840457,-122.50011431,37.79697770,-122.42889874,San Francisco
ce547b3e-6497-4703-a136-086854b610d5,9e81385f-d5c3-414c-aac5-b021ac1f73ae,984bb43d-0f53-4884-9c8e-1b873644e006,completed,2024-08-07T17:36:33-07:00,2024-08-07T17:36:33-07:00,2024-08-07T17:37:07-07:00,2024-08-07T17:38:37-07:00,0,6385.21,37.74399239,-122.40173747,37.74582751,-122.47432011,San Francisco
8fa5e148-b7b0-4986-a5d1-95a5d3958133,dcd350dc-45a3-4649-9fbe-e0361cce52e2,65ceb1f8-6987-4db3-9cc4-f8321e7e270d,completed,2024-08-07T17:38:15-07:00,2024-08-07T17:38:15-07:00,2024-08-07T17:40:05-07:00,2024-08-07T17:40:53-07:00,0,3391.99,37.71013358,-122.44820974,37.73938481,-122.45915266,San Francisco
58a2f62b-d12c-48e4-a568-bd438580e34f,94c65686-cbd8-4062-a465-7e36d1bd9e6c,c8f0ad2d-0fa3-4923-8767-4af85503eba9,completed,2024-08-07T17:36:37-07:00,2024-08-07T17:36:37-07:00,2024-08-07T17:37:35-07:00,2024-08-07T17:40:41-07:00,0,13029.84,37.75404341,-122.50854967,37.71749820,-122.36776838,San Francisco
27e93beb-b888-4308-8f7a-3af1de96c11f,764ecee3-be68-44a5-948f-4ccd16aa6c2a,ffc87c4a-81cc-4e38-946c-f810a07b2050,completed,2024-08-07T17:38:06-07:00,2024-08-07T17:38:06-07:00,2024-08-07T17:39:56-07:00,2024-08-07T17:41:45-07:00,0,7708.47,37.74698395,-122.47306871,37.77236187,-122.39146878,San Francisco
e642cf4b-1bdf-4d7c-bc6d-a65dc94e6949,47733bf4-68be-4752-9929-bdebf04d79b7,03557a3d-de85-4f44-bb33-786067e2d500,completed,2024-08-07T17:40:08-07:00,2024-08-07T17:40:08-07:00,2024-08-07T17:41:09-07:00,2024-08-07T17:42:11-07:00,0,4148.05,37.73882921,-122.42709806,37.75200428,-122.38296177,San Francisco
8f1d3116-822d-4898-8588-ba157f44fde8,7827b93c-69c4-4db7-84a0-dd495809331b,01415c1f-399d-463e-bca6-82fb978f7477,completed,2024-08-07T17:38:22-07:00,2024-08-07T17:38:22-07:00,2024-08-07T17:39:45-07:00,2024-08-07T17:40:42-07:00,0,4145.27,37.76687269,-122.38930233,37.80222796,-122.40426031,San Francisco
035ed0d8-4497-4c4a-b1c7-a37d5f3e3de7,2820e025-119b-4d0e-9148-4b17f11ba034,72c3c873-e5f9-4d12-875d-c22fba55bf34,completed,2024-08-07T17:38:15-07:00,2024-08-07T17:38:15-07:00,2024-08-07T17:39:39-07:00,2024-08-07T17:40:48-07:00,0,4600.99,37.76222222,-122.40642565,37.80051648,-122.42625698,San Francisco
42f56733-fa92-4bb9-9226-21819bca3fad,5b2f1ccf-7f45-43b3-979f-d7044a6d9a75,8dd98ccc-9796-4911-a9bd-ec2c2e5ccd84,completed,2024-08-07T17:36:38-07:00,2024-08-07T17:36:38-07:00,2024-08-07T17:39:16-07:00,2024-08-07T17:41:35-07:00,0,9332.73,37.78684252,-122.47262833,37.71588865,-122.41592594,San Francisco
2d933887-8557-45b3-a83c-eaf50fb9b96c,ade08367-1fb6-4a1b-a99e-8de51757e2a9,89936b43-813d-437b-b2ba-57548f16d572,completed,2024-08-07T17:39:51-07:00,2024-08-07T17:39:51-07:00,2024-08-07T17:41:27-07:00,2024-08-07T17:43:56-07:00,0,9437.70,37.76475214,-122.46409806,37.71979191,-122.37306191,San Francisco
f359c423-78d7-4fb5-a237-166ef88c9d6c,db227bc4-25b9-40de-b21a-539190471711,49e936d9-4de6-4a91-8407-8a558b8e980e,completed,2024-08-07T17:36:35-07:00,2024-08-07T17:36:35-07:00,2024-08-07T17:37:50-07:00,2024-08-07T17:38:37-07:00,0,3250.66,37.74377398,-122.43196006,37.75030375,-122.46799719,San Francisco
86ecd879-5e7a-427a-bdfb-191a4eb4af26,ee6d1cd1-576a-4bbc-8add-701e02774b5a,31d60975-6dbf-474e-8b26-6389e120bc77,completed,2024-08-07T17:40:47-07:00,2024-08-07T17:40:47-07:00,2024-08-07T17:41:35-07:00,2024-08-07T17:41:51-07:00,0,1031.93,37.79937282,-122.44890469,37.79482198,-122.45914024,San Francisco
b84a9ca1-a99a-4d36-acbc-b4113361473c,ee6d1cd1-576a-4bbc-8add-701e02774b5a,d2a4e839-5146-4cec-91a5-bd599ec1d7eb,completed,2024-08-07T17:36:39-07:00,2024-08-07T17:36:39-07:00,2024-08-07T17:38:33-07:00,2024-08-07T17:38:56-07:00,0,1490.67,37.79800244,-122.42461357,37.80835917,-122.41384031,San Francisco
d70d27f0-fb61-4739-ac5a-952013323e4f,c014b68b-fb38-4017-b06c-15eeae351c84,db796c5c-db9e-4a64-b146-1f14b8ed1855,completed,2024-08-07T17:36:43-07:00,2024-08-07T17:36:43-07:00,2024-08-07T17:38:11-07:00,2024-08-07T17:39:31-07:00,0,5860.37,37.73416512,-122.44071009,37.78683384,-122.43828605,San Francisco
8efa7b07-f1dd-464c-a2d1-5e9ecb65da54,f54b5096-a16a-4b36-aaad-9382af98b385,3eeae9c1-5439-4f8c-8df1-3f89cf3bde57,completed,2024-08-07T17:36:30-07:00,2024-08-07T17:36:30-07:00,2024-08-07T17:37:23-07:00,2024-08-07T17:37:37-07:00,0,891.65,37.72860473,-122.48261469,37.73391533,-122.49021140,San Francisco
50dee488-bb8c-486b-8968-95dad6b5f388,deb0712f-bfdc-4d43-8722-25e0753e162f,cd81f267-ebb8-48f9-8fa0-272a1d70ded0,completed,2024-08-07T17:36:33-07:00,2024-08-07T17:36:33-07:00,2024-08-07T17:37:00-07:00,2024-08-07T17:39:25-07:00,0,10717.07,37.75209287,-122.47872516,37.71726199,-122.36509203,San Francisco
a48ce41d-5179-4c03-bbfd-25f920c257a9,a2a39bf4-3902-4d08-807e-d891003f9445,482b8305-8e35-4602-8190-f30e315627d8,completed,2024-08-07T17:36:39-07:00,2024-08-07T17:36:39-07:00,2024-08-07T17:39:04-07:00,2024-08-07T17:39:51-07:00,0,3081.36,37.78602573,-122.49544565,37.79361840,-122.46172168,San Francisco
527b47a7-205a-4e3a-be2c-ded2104b8401,68b1956c-711f-4a4b-961c-4ee83a192ec8,63bb4189-0c30-40bb-b2b3-22c94cac1551,completed,2024-08-07T17:37:19-07:00,2024-08-07T17:37:19-07:00,2024-08-07T17:38:55-07:00,2024-08-07T17:39:05-07:00,0,519.01,37.80583896,-122.43138468,37.80600069,-122.42548061,San Francisco
f0fc521f-da30-49f5-893d-f6e16d5f66ed,2276e0d9-c34c-42af-8889-46a6b6fafc1d,c4a0bd0e-1342-429c-94a0-4845280a6a01,completed,2024-08-07T17:38:12-07:00,2024-08-07T17:38:12-07:00,2024-08-07T17:39:57-07:00,2024-08-07T17:41:26-07:00,0,5935.25,37.73249192,-122.50436107,37.78230478,-122.48010442,San Francisco
c64bc6a6-45a0-4f78-ad9c-f36915bd2151,7e2eaedd-c061-4a4d-bebe-b93dc1ebd771,ddee5da0-f056-4934-a674-aca98930007f,completed,2024-08-07T17:36:29-07:00,2024-08-07T17:36:29-07:00,2024-08-07T17:37:48-07:00,2024-08-07T17:40:00-07:00,0,9200.51,37.79237791,-122.44302658,37.71201391,-122.46793605,San Francisco
5599fc27-2fae-4e4d-a27f-0eb3d9c57e72,97c202f2-d910-4a6a-b061-ae67d1675fcb,cf43f2e2-b26b-4887-8fcb-05104b00bbb6,completed,2024-08-07T17:36:28-07:00,2024-08-07T17:36:28-07:00,2024-08-07T17:38:55-07:00,2024-08-07T17:40:06-07:00,0,4968.38,37.76212248,-122.39141774,37.73864778,-122.43950049,San Francisco
fda5cded-db4e-4ee0-b29d-664fe0f22171,eec6d890-adad-4ef7-9c4e-0edd27ed238a,5506080f-3360-4e4c-8499-422b90c2ba12,completed,2024-08-07T17:36:43-07:00,2024-08-07T17:36:43-07:00,2024-08-07T17:37:49-07:00,2024-08-07T17:40:07-07:00,0,9605.96,37.78237213,-122.46914683,37.74310998,-122.37180874,San Francisco
dfd3b58c-f6bc-458d-92c5-ac3d3cdb6da5,6413b234-3f35-4769-abbc-b95df6edf391,fc373449-c243-4a15-8e7f-793bca831768,completed,2024-08-07T17:36:44-07:00,2024-08-07T17:36:44-07:00,2024-08-07T17:39:37-07:00,2024-08-07T17:41:23-07:00,0,7176.99,37.71308522,-122.50382509,37.76876155,-122.46253548,San Francisco
20b32615-308d-4959-bdd5-4bb3515b8de1,68b1956c-711f-4a4b-961c-4ee83a192ec8,57fda308-3571-471a-8324-4eb78dee089b,completed,2024-08-07T17:39:30-07:00,2024-08-07T17:39:30-07:00,2024-08-07T17:41:22-07:00,2024-08-07T17:43:30-07:00,0,8853.02,37.74255377,-122.38296964,37.77446351,-122.47523240,San Francisco
583f42b4-7492-4dc4-92c0-bfa233a4c367,dcd350dc-45a3-4649-9fbe-e0361cce52e2,65ceb1f8-6987-4db3-9cc4-f8321e7e270d,completed,2024-08-07T17:36:29-07:00,2024-08-07T17:36:29-07:00,2024-08-07T17:37:41-07:00,2024-08-07T17:38:12-07:00,0,2119.82,37.74512659,-122.50316146,37.76416514,-122.50191711,San Francisco
90114d98-84b0-4f3c-aa3c-deaff242d14a,ea09fc79-a331-4434-bcc0-8a24165db456,a0df9b50-2dac-44a2-ad26-a05df26ba15a,completed,2024-08-07T17:36:30-07:00,2024-08-07T17:36:30-07:00,2024-08-07T17:38:03-07:00,2024-08-07T17:39:28-07:00,0,6121.96,37.76365741,-122.39127137,37.79379135,-122.44956887,San Francisco
e8259a24-fd4f-440f-83cc-7218697cdeec,cbaec63a-af78-4f5d-b3ee-71f8366e3255,5aad3dc5-f3e2-4770-95ec-5c57a3fe2825,completed,2024-08-07T17:36:35-07:00,2024-08-07T17:36:35-07:00,2024-08-07T17:38:20-07:00,2024-08-07T17:39:01-07:00,0,2822.06,37.74005664,-122.50408284,37.71512948,-122.49805209,San Francisco
0d170bc3-990b-4251-b328-1783cdb38c78,ea6c2547-46af-4a72-ac51-c75262e5de8c,36bc8ece-0a49-4fff-8bfb-4453ad927342,completed,2024-08-07T17:36:31-07:00,2024-08-07T17:36:31-07:00,2024-08-07T17:38:04-07:00,2024-08-07T17:39:25-07:00,0,5693.99,37.74026967,-122.45120094,37.79016980,-122.43665873,San Francisco
22bcf505-1cc9-49ae-8edb-606293e55c2d,cbaec63a-af78-4f5d-b3ee-71f8366e3255,36bc8ece-0a49-4fff-8bfb-4453ad927342,completed,2024-08-07T17:39:43-07:00,2024-08-07T17:39:43-07:00,2024-08-07T17:40:57-07:00,2024-08-07T17:42:20-07:00,0,5794.62,37.74200675,-122.44542914,37.76078176,-122.50691160,San Francisco
3099a6d4-6be7-4e55-a242-055d2eea59e5,d3ae714f-52c3-463d-aa60-70099ea657a8,5506080f-3360-4e4c-8499-422b90c2ba12,completed,2024-08-07T17:40:22-07:00,2024-08-07T17:40:22-07:00,2024-08-07T17:41:41-07:00,2024-08-07T17:43:44-07:00,0,7970.53,37.73979581,-122.48722306,37.75007106,-122.39750951,San Francisco
2806ea0f-f8d0-4365-bf23-41461c164860,a7604d44-6c08-45e2-a8a5-fbb91243eb04,ab771366-4495-4af6-9389-3bcf6cd488f0,completed,2024-08-07T17:36:33-07:00,2024-08-07T17:36:33-07:00,2024-08-07T17:38:08-07:00,2024-08-07T17:40:28-07:00,0,9653.88,37.76931955,-122.50532545,37.73590350,-122.40397869,San Francisco
a4578665-d8a8-45d4-908b-3740468c9a6f,2820e025-119b-4d0e-9148-4b17f11ba034,470d538a-2230-4f75-8d92-cfdfa5849ec8,completed,2024-08-07T17:36:42-07:00,2024-08-07T17:36:42-07:00,2024-08-07T17:36:50-07:00,2024-08-07T17:37:30-07:00,0,2774.06,37.71768899,-122.41364818,37.71244616,-122.38281551,San Francisco
eeda4e41-9fd3-4d94-9613-9bbb8c4bc4f2,97982023-519e-4ebe-8419-0555018dd090,cd81f267-ebb8-48f9-8fa0-272a1d70ded0,completed,2024-08-07T17:39:34-07:00,2024-08-07T17:39:35-07:00,2024-08-07T17:40:58-07:00,2024-08-07T17:41:01-07:00,0,121.31,37.74120500,-122.37995959,37.74082393,-122.38125233,San Francisco
31411678-dec9-4418-a273-58c3c5b40e55,0b9519b6-e454-4cd4-b596-cc4d5d778cf7,d089e969-d518-4a22-8d24-8804d66b5bf7,completed,2024-08-07T17:37:59-07:00,2024-08-07T17:38:00-07:00,2024-08-07T17:38:59-07:00,2024-08-07T17:41:27-07:00,0,10248.06,37.78065415,-122.42716268,37.70959481,-122.50138490,San Francisco
51b281fd-a4f8-4921-866a-748c113d59b4,181ef892-92bd-409d-bc45-b634605692bb,c4a0bd0e-1342-429c-94a0-4845280a6a01,completed,2024-08-07T17:41:32-07:00,2024-08-07T17:41:32-07:00,2024-08-07T17:43:10-07:00,2024-08-07T17:43:49-07:00,0,2240.14,37.77920694,-122.48623758,37.76849823,-122.46464915,San Francisco
402e16fb-239f-4744-a9af-2c4fab4f243f,2276e0d9-c34c-42af-8889-46a6b6fafc1d,cb5e388d-e2ec-42b9-9327-902cc2471879,completed,2024-08-07T17:36:43-07:00,2024-08-07T17:36:43-07:00,2024-08-07T17:36:57-07:00,2024-08-07T17:38:10-07:00,0,5493.18,37.78496833,-122.42112574,37.80155849,-122.48001059,San Francisco
86662549-c79e-46f0-9877-23c96cc14560,7abf8a04-eb39-45a7-9d9f-5dc44404fab0,f5df4079-dc9a-42bc-a797-d518fa997db0,completed,2024-08-07T17:36:36-07:00,2024-08-07T17:36:36-07:00,2024-08-07T17:36:49-07:00,2024-08-07T17:37:18-07:00,0,1981.60,37.79277931,-122.39808043,37.77597307,-122.40558066,San Francisco
e35ea6a6-2256-423f-82d4-3572cf78222a,124903f1-b49e-494d-8744-b6cf7c0d28e6,03557a3d-de85-4f44-bb33-786067e2d500,completed,2024-08-07T17:36:37-07:00,2024-08-07T17:36:37-07:00,2024-08-07T17:37:56-07:00,2024-08-07T17:39:56-07:00,0,8210.05,37.76762469,-122.43721992,37.72850831,-122.35802311,San Francisco
3aa0c528-7de8-478b-b30a-60f71a51df69,181ef892-92bd-409d-bc45-b634605692bb,3970e2ca-9c43-4ec1-a96c-8e058b433dfe,completed,2024-08-07T17:39:12-07:00,2024-08-07T17:39:12-07:00,2024-08-07T17:39:55-07:00,2024-08-07T17:41:20-07:00,0,6072.52,37.75881105,-122.41975370,37.71944328,-122.46761577,San Francisco
9b4c61c5-1c52-4ded-97e3-03587a210c78,0b9519b6-e454-4cd4-b596-cc4d5d778cf7,72c3c873-e5f9-4d12-875d-c22fba55bf34,completed,2024-08-07T17:36:36-07:00,2024-08-07T17:36:36-07:00,2024-08-07T17:37:41-07:00,2024-08-07T17:37:57-07:00,0,874.64,37.75022511,-122.42824039,37.74315416,-122.43259810,San Francisco
dca9dd52-d858-4ba4-8431-42db82f94e9e,181ef892-92bd-409d-bc45-b634605692bb,3970e2ca-9c43-4ec1-a96c-8e058b433dfe,completed,2024-08-07T17:36:28-07:00,2024-08-07T17:36:28-07:00,2024-08-07T17:38:03-07:00,2024-08-07T17:38:57-07:00,0,3907.15,37.73970643,-122.37699719,37.73167014,-122.42025046,San Francisco
d8dc20a3-aea5-45ff-b615-155491474187,1df06a58-e40a-4417-a981-76aae61d99a8,6fcf878d-e78b-4e52-b3a0-5a694aa848ec,completed,2024-08-07T17:38:42-07:00,2024-08-07T17:38:42-07:00,2024-08-07T17:39:07-07:00,2024-08-07T17:39:57-07:00,0,3683.56,37.77790445,-122.48696568,37.74480957,-122.48511946,San Francisco
34a232bd-c8dc-4f67-b305-6712477b314c,12081fdf-935a-46e2-88bd-fc478fe28957,8d639a31-7776-42b7-abab-3175f31b40b6,completed,2024-08-07T17:38:33-07:00,2024-08-07T17:38:33-07:00,2024-08-07T17:40:42-07:00,2024-08-07T17:42:36-07:00,0,7522.21,37.71642125,-122.45082840,37.78327668,-122.46389340,San Francisco
1c824a2e-9905-4eb1-af0b-b0ff5e87ff05,ade08367-1fb6-4a1b-a99e-8de51757e2a9,b45f2b20-5f3a-4e2a-b0ca-ceae2a5ad37c,completed,2024-08-07T17:36:36-07:00,2024-08-07T17:36:36-07:00,2024-08-07T17:37:18-07:00,2024-08-07T17:37:27-07:00,0,587.12,37.76382048,-122.38369777,37.76674840,-122.38925604,San Francisco
2565dad5-bf7a-407d-8cd2-361e061af5c9,36c647b7-f71f-4d69-8911-aa708a276602,39afc47a-7f57-4ff0-aa8c-865a6b6d61a5,completed,2024-08-07T17:36:36-07:00,2024-08-07T17:36:36-07:00,2024-08-07T17:37:31-07:00,2024-08-07T17:37:44-07:00,0,841.58,37.71914127,-122.45946233,37.71218177,-122.46322254,San Francisco
ee61f235-5ffe-4f78-af5d-d250334622f5,a138c4ad-240f-4a76-b838-2515fc6c2a90,ffc87c4a-81cc-4e38-946c-f810a07b2050,completed,2024-08-07T17:36:46-07:00,2024-08-07T17:36:46-07:00,2024-08-07T17:37:52-07:00,2024-08-07T17:38:02-07:00,0,777.47,37.74446624,-122.43831063,37.74321973,-122.42961016,San Francisco
a679f498-362f-4ab7-a307-0872ed1c0812,7e2eaedd-c061-4a4d-bebe-b93dc1ebd771,cd81f267-ebb8-48f9-8fa0-272a1d70ded0,completed,2024-08-07T17:41:04-07:00,2024-08-07T17:41:04-07:00,2024-08-07T17:43:05-07:00,2024-08-07T17:43:25-07:00,0,1291.40,37.78312599,-122.49563744,37.77450132,-122.48579673,San Francisco
25a9b2f4-31ad-42f6-ae06-d2afdd42bb42,d3ae714f-52c3-463d-aa60-70099ea657a8,046a14b0-b0f2-473f-aa5d-f92975b135f7,completed,2024-08-07T17:36:31-07:00,2024-08-07T17:36:31-07:00,2024-08-07T17:36:56-07:00,2024-08-07T17:38:45-07:00,0,7947.57,37.74497094,-122.43676684,37.78325243,-122.51311731,San Francisco
41b67bac-d092-45b7-8d18-767a875227e9,4924a120-7670-45d3-bd36-59a84ea4e376,3eeae9c1-5439-4f8c-8df1-3f89cf3bde57,completed,2024-08-07T17:37:41-07:00,2024-08-07T17:37:41-07:00,2024-08-07T17:38:55-07:00,2024-08-07T17:39:20-07:00,0,1556.88,37.75141334,-122.45150999,37.74452127,-122.46692350,San Francisco
6ec63070-461f-4e84-b9f4-57798332944d,e4da04b9-ccdf-4363-8792-d929d136823d,072453ce-9b4c-4044-ae81-bc1928edac76,completed,2024-08-07T17:38:40-07:00,2024-08-07T17:38:40-07:00,2024-08-07T17:38:58-07:00,2024-08-07T17:39:32-07:00,0,2351.33,37.74197825,-122.47705629,37.73404245,-122.45227126,San Francisco
5b80c649-d7e7-4d35-a124-3641a39840f1,4851a283-35a0-4d7f-a645-97470196cda7,9dc4d8f3-2373-4ff2-81ea-6a8c8b45b691,completed,2024-08-07T17:36:30-07:00,2024-08-07T17:36:30-07:00,2024-08-07T17:37:40-07:00,2024-08-07T17:39:30-07:00,0,8200.30,37.71682463,-122.45287433,37.77585333,-122.50878080,San Francisco
4dab34fe-50bc-4f6c-a431-41a2b2c870b6,e9dbdd10-e3f3-46df-9101-1a930f9e4436,072453ce-9b4c-4044-ae81-bc1928edac76,completed,2024-08-07T17:36:31-07:00,2024-08-07T17:36:31-07:00,2024-08-07T17:37:17-07:00,2024-08-07T17:38:27-07:00,0,4801.09,37.75150898,-122.38223769,37.76653713,-122.43343658,San Francisco
4ca7106e-f070-4eb1-b1e8-9f3cc34a37d1,1df06a58-e40a-4417-a981-76aae61d99a8,e800a9af-f970-4aa9-bd49-48d077fc25ee,completed,2024-08-07T17:36:34-07:00,2024-08-07T17:36:34-07:00,2024-08-07T17:37:25-07:00,2024-08-07T17:38:40-07:00,0,5436.17,37.74781158,-122.43814325,37.78855012,-122.47233358,San Francisco
8f3f3790-2b75-455d-9d05-a7bf4ffe92c1,47733bf4-68be-4752-9929-bdebf04d79b7,ae608a9a-c3e7-4302-a788-0f8161189608,completed,2024-08-07T17:36:37-07:00,2024-08-07T17:36:37-07:00,2024-08-07T17:37:43-07:00,2024-08-07T17:39:00-07:00,0,5267.89,37.73306070,-122.41382165,37.77216620,-122.44764497,San Francisco
41efc330-5e27-41d4-883e-7158f2befd08,60d65003-a8b6-4835-b02b-a22210758503,0c2bef2b-8045-4a00-8284-3fd67802b2d2,completed,2024-08-07T17:38:53-07:00,2024-08-07T17:38:53-07:00,2024-08-07T17:40:09-07:00,2024-08-07T17:41:56-07:00,0,7138.80,37.80613935,-122.40714392,37.76647614,-122.47102248,San Francisco
ffab1447-11b5-4696-a39d-d6b8e931e26b,8da075dd-c833-4555-9dcd-69d5c53076ee,abe3411c-2885-4018-b3f4-e8bfcdb75e8b,completed,2024-08-07T17:36:26-07:00,2024-08-07T17:36:26-07:00,2024-08-07T17:39:14-07:00,2024-08-07T17:39:56-07:00,0,2728.85,37.70936228,-122.40510693,37.73285196,-122.39612281,San Francisco
0b929d8d-b45b-46df-9f96-d9a6139ee1f8,c014b68b-fb38-4017-b06c-15eeae351c84,6fcf878d-e78b-4e52-b3a0-5a694aa848ec,completed,2024-08-07T17:40:12-07:00,2024-08-07T17:40:12-07:00,2024-08-07T17:41:34-07:00,2024-08-07T17:43:14-07:00,0,6662.82,37.77947805,-122.50417194,37.74495517,-122.44222153,San Francisco
a1d221dd-d906-4c17-87b7-44be999a0530,86bf74e9-36b1-4b33-ba3d-74829f48da2f,a9ee8a15-81e5-4f40-9aad-b01771c68b35,completed,2024-08-07T17:36:31-07:00,2024-08-07T17:36:31-07:00,2024-08-07T17:37:28-07:00,2024-08-07T17:38:51-07:00,0,5986.85,37.71423195,-122.50029470,37.73635038,-122.43823285,San Francisco
bd3af825-13f9-44bb-bf94-36d561c8a0c3,86bf74e9-36b1-4b33-ba3d-74829f48da2f,e357fa85-00d2-40b6-b220-386d132b2201,completed,2024-08-07T17:41:24-07:00,2024-08-07T17:41:24-07:00,2024-08-07T17:43:00-07:00,2024-08-07T17:43:33-07:00,0,2023.55,37.73051505,-122.43751238,37.74165326,-122.41931455,San Francisco
e038bc04-4721-49bb-a61f-4d461e9341dc,2f2ca91f-e867-4998-92ef-454be8c5a0e3,a094187e-ac1b-411b-b189-2e2d294bb466,completed,2024-08-07T17:36:38-07:00,2024-08-07T17:36:38-07:00,2024-08-07T17:38:07-07:00,2024-08-07T17:39:55-07:00,0,7651.55,37.72729691,-122.41210479,37.78345576,-122.46240031,San Francisco
96b55d4d-079a-49c3-8287-5218c3cca6f0,900c769f-0ad9-4764-8395-300ce1df3d3a,9dc4d8f3-2373-4ff2-81ea-6a8c8b45b691,completed,2024-08-07T17:39:44-07:00,2024-08-07T17:39:44-07:00,2024-08-07T17:41:03-07:00,2024-08-07T17:42:07-07:00,0,4663.36,37.75579123,-122.46673873,37.71527597,-122.48043716,San Francisco
699ecc46-d787-46d6-a4b8-b6b7f5885d5f,a138c4ad-240f-4a76-b838-2515fc6c2a90,b212f6e1-a396-4d3d-9a1c-e82ccb77b5f0,completed,2024-08-07T17:39:52-07:00,2024-08-07T17:39:52-07:00,2024-08-07T17:40:45-07:00,2024-08-07T17:42:26-07:00,0,6857.11,37.75266121,-122.38769370,37.70844725,-122.44204774,San Francisco
234c4180-011c-49c3-a5be-019ea06ba074,e4da04b9-ccdf-4363-8792-d929d136823d,a094187e-ac1b-411b-b189-2e2d294bb466,completed,2024-08-07T17:40:12-07:00,2024-08-07T17:40:12-07:00,2024-08-07T17:41:15-07:00,2024-08-07T17:42:17-07:00,0,4334.08,37.73947939,-122.49912993,37.71061104,-122.46601973,San Francisco
5269f8cd-bbab-4220-835f-164777faccbf,7dd51e4b-17bb-4ff5-a958-ae9f65ed33a9,d889b15c-b8d8-4f82-a961-8032f693f5e7,completed,2024-08-07T17:36:32-07:00,2024-08-07T17:36:32-07:00,2024-08-07T17:37:40-07:00,2024-08-07T17:40:20-07:00,0,11396.23,37.72979610,-122.49040857,37.72777383,-122.36085144,San Francisco
5c7bb615-78d5-499a-a9e0-ba399f812094,ea09fc79-a331-4434-bcc0-8a24165db456,31d60975-6dbf-474e-8b26-6389e120bc77,completed,2024-08-07T17:39:40-07:00,2024-08-07T17:39:40-07:00,2024-08-07T17:40:04-07:00,2024-08-07T17:40:40-07:00,0,2588.79,37.78825893,-122.46560811,37.77241951,-122.48719672,San Francisco
d17f3250-92a3-45a9-b89a-c64c29024c88,97982023-519e-4ebe-8419-0555018dd090,57fda308-3571-471a-8324-4eb78dee089b,completed,2024-08-07T17:36:38-07:00,2024-08-07T17:36:38-07:00,2024-08-07T17:38:19-07:00,2024-08-07T17:39:12-07:00,0,4143.73,37.74944339,-122.47463378,37.72283220,-122.44164659,San Francisco
759a9b6a-a772-4de3-99f0-ca8d798072e1,68b1956c-711f-4a4b-961c-4ee83a192ec8,63bb4189-0c30-40bb-b2b3-22c94cac1551,completed,2024-08-07T17:36:31-07:00,2024-08-07T17:36:31-07:00,2024-08-07T17:36:44-07:00,2024-08-07T17:37:12-07:00,0,1912.38,37.73172943,-122.41297135,37.74454435,-122.42747553,San Francisco
304119fe-deee-438f-943b-6bc8f5ee44c6,e9dbdd10-e3f3-46df-9101-1a930f9e4436,482b8305-8e35-4602-8190-f30e315627d8,completed,2024-08-07T17:42:02-07:00,2024-08-07T17:42:02-07:00,2024-08-07T17:42:21-07:00,2024-08-07T17:42:24-07:00,0,159.38,37.77039250,-122.41834416,37.76911916,-122.41917666,San Francisco
e195e254-db7c-463e-ad99-49849be652e2,b99ddd1c-6cc1-4487-b427-ac8bab9c6c98,6fcf878d-e78b-4e52-b3a0-5a694aa848ec,completed,2024-08-07T17:36:42-07:00,2024-08-07T17:36:43-07:00,2024-08-07T17:37:43-07:00,2024-08-07T17:38:33-07:00,0,3496.94,37.76109783,-122.48478098,37.77889544,-122.45198024,San Francisco
42a2acaa-3025-408e-ac31-2e874b8ef568,e040bda2-fd70-4207-ae97-a2e9ded1bec5,77e32f99-9a28-4f5f-8972-c7ffdd5b9811,completed,2024-08-07T17:41:53-07:00,2024-08-07T17:41:53-07:00,2024-08-07T17:42:36-07:00,2024-08-07T17:42:45-07:00,0,516.01,37.77574871,-122.41144511,37.77513436,-122.40562577,San Francisco
599cfc80-6f00-436b-80cf-beff78a8ca4d,36c647b7-f71f-4d69-8911-aa708a276602,abe3411c-2885-4018-b3f4-e8bfcdb75e8b,completed,2024-08-07T17:39:58-07:00,2024-08-07T17:39:58-07:00,2024-08-07T17:42:07-07:00,2024-08-07T17:43:46-07:00,0,6239.33,37.79558844,-122.46582042,37.74336222,-122.49177528,San Francisco
db5ca127-c765-4b62-989e-887aa8bd3d16,e3e1ec1f-ca48-41ce-bf7a-22efc6a3ca36,efeef924-778b-49e0-ac19-3f96ff48df20,completed,2024-08-07T17:36:36-07:00,2024-08-07T17:36:36-07:00,2024-08-07T17:38:07-07:00,2024-08-07T17:40:25-07:00,0,9613.81,37.72481824,-122.48664897,37.77764204,-122.40008298,San Francisco
f19a3973-f826-4691-9b17-fd2bdaa7b8f6,d12f082c-906e-4c14-a9c4-7774c8c464b3,8d6da976-3aad-4eaa-8ee2-3c247a8f88b8,completed,2024-08-07T17:36:39-07:00,2024-08-07T17:36:39-07:00,2024-08-07T17:37:44-07:00,2024-08-07T17:38:30-07:00,0,3578.60,37.73499175,-122.40707949,37.72475795,-122.44565889,San Francisco
16ce60cd-62aa-49a5-8661-ddd3f7b0a425,ebc229ff-b105-4720-9389-f505537c1ef0,3fc27be4-af17-494a-a545-c39550a3f5f0,completed,2024-08-07T17:36:35-07:00,2024-08-07T17:36:35-07:00,2024-08-07T17:37:09-07:00,2024-08-07T17:39:40-07:00,0,11154.36,37.79643378,-122.45240106,37.72661306,-122.36129299,San Francisco
7376c886-3f03-43f8-b261-83a67ced3556,4851a283-35a0-4d7f-a645-97470196cda7,db796c5c-db9e-4a64-b146-1f14b8ed1855,completed,2024-08-07T17:39:42-07:00,2024-08-07T17:39:42-07:00,2024-08-07T17:42:05-07:00,2024-08-07T17:43:06-07:00,0,3694.48,37.73419483,-122.41231853,37.76537138,-122.42684585,San Francisco
47565032-5cbb-4f7f-b349-6b09363362cb,7abf8a04-eb39-45a7-9d9f-5dc44404fab0,046a14b0-b0f2-473f-aa5d-f92975b135f7,completed,2024-08-07T17:39:04-07:00,2024-08-07T17:39:04-07:00,2024-08-07T17:40:41-07:00,2024-08-07T17:42:56-07:00,0,9273.65,37.78347702,-122.48209071,37.76127510,-122.38038866,San Francisco
b87b1929-a478-4ceb-854d-6c99121d56a7,d12f082c-906e-4c14-a9c4-7774c8c464b3,12ff2b90-17c1-4b8e-8efa-e1074d118208,completed,2024-08-07T17:39:14-07:00,2024-08-07T17:39:14-07:00,2024-08-07T17:41:03-07:00,2024-08-07T17:42:21-07:00,0,5245.93,37.79425063,-122.44201458,37.76967688,-122.49297000,San Francisco
edb9c6df-9093-4b4c-b655-5b9211aa1d85,4ec6bb08-c9c4-4bff-a224-70fe165852c3,a4134307-b0fe-4520-a7a5-e37665e145d5,completed,2024-08-07T17:36:26-07:00,2024-08-07T17:36:26-07:00,2024-08-07T17:37:37-07:00,2024-08-07T17:40:40-07:00,0,13504.03,37.78409947,-122.48699300,37.71480047,-122.36086110,San Francisco
357c0d49-499e-4c68-bf57-aee5df6b468f,5e8be44f-585c-4644-93b0-9a3f97f08b96,fa9b34a9-fef5-4202-b1e0-cb41d9ec28d3,completed,2024-08-07T17:38:30-07:00,2024-08-07T17:38:30-07:00,2024-08-07T17:39:40-07:00,2024-08-07T17:40:36-07:00,0,4002.07,37.71624913,-122.46031614,37.75139122,-122.47014477,San Francisco
